IATA,STATE,CITY,LATITUDE,LONGITUDE
GON,US-CT,GROTON (NEW LONDON),41.330056,-72.045139
CBK,US-KS,COLBY,39.427444,-101.046611
MS90,US-MS,FLOWOOD,32.315556,-90.143611
6S5,US-MT,HAMILTON,46.251494,-114.12554
MHV,US-CA,MOJAVE,35.058639,-118.150556
LOU,US-KY,LOUISVILLE,38.228,-85.663722
SEE,US-CA,SAN DIEGO/EL CAJON,32.826222,-116.972444
FPR,US-FL,FORT PIERCE,27.497479,-80.372632
RYY,US-GA,ATLANTA,34.013157,-84.597056
BRY,US-KY,BARDSTOWN,37.814333,-85.499639
MKL,US-TN,JACKSON,35.599889,-88.915611
CCR,US-CA,CONCORD,37.989667,-122.056889
GPH,US-MO,MOSBY,39.3325,-94.309639
JYO,US-VA,LEESBURG,39.077972,-77.5575
MDH,US-IL,CARBONDALE/MURPHYSBORO,37.778096,-89.252031
CAD,US-MI,CADILLAC,44.275333,-85.418917
N58,US-NV,FERNLEY,39.559611,-119.241444
0B8,US-NY,FISHERS ISLAND,41.251308,-72.031611
SXQ,US-AK,SOLDOTNA,60.474958,-151.038239
SDM,US-CA,SAN DIEGO,32.572272,-116.980161
U79,US-ID,CHAMBERLAIN GUARD STATION,45.379078,-115.19678
IXD,US-KS,OLATHE,38.830917,-94.890306
VVV,US-MN,ORTONVILLE,45.305665,-96.424423
E38,US-TX,ALPINE,30.384222,-103.683583
S59,US-MT,LIBBY,48.283845,-115.490245
SBM,US-WI,SHEBOYGAN,43.769769,-87.851722
BKX,US-SD,BROOKINGS,44.304833,-96.816944
GEU,US-AZ,GLENDALE,33.526917,-112.295139
MHM,US-AK,MINCHUMINA,63.885997,-152.301874
FMY,US-FL,FORT MYERS,26.586611,-81.86325
GWR,US-ND,GWINNER,46.218667,-97.643472
MCL,US-AK,MCKINLEY PARK,63.732598,-148.910638
ARA,US-LA,NEW IBERIA,30.037758,-91.883896
NGP,US-TX,CORPUS CHRISTI,27.692701,-97.290376
LWC,US-KS,LAWRENCE,39.011111,-95.216472
FST,US-TX,FORT STOCKTON,30.91525,-102.912778
51Z,US-AK,MINTO,65.143709,-149.369965
LZU,US-GA,LAWRENCEVILLE,33.978076,-83.962377
MTN,US-MD,BALTIMORE,39.325667,-76.413778
CGF,US-OH,CLEVELAND,41.565111,-81.486361
WSN,US-AK,NAKNEK,58.732881,-157.01992
JVY,US-IN,JEFFERSONVILLE,38.365417,-85.738194
COE,US-ID,COEUR D'ALENE,47.774306,-116.819583
IKO,US-AK,NIKOLSKI,52.941556,-168.849028
HMN,US-NM,ALAMOGORDO,32.851859,-106.108536
LAL,US-FL,LAKELAND,27.988917,-82.018556
MTH,US-FL,MARATHON,24.726194,-81.051361
BTL,US-MI,BATTLE CREEK,42.307278,-85.25148
TNC,US-AK,TIN CITY,65.564033,-167.922458
SPA,US-SC,SPARTANBURG,34.915722,-81.9565
E91,US-AZ,CHINLE,36.110881,-109.575422
LEW,US-ME,AUBURN/LEWISTON,44.048473,-70.283507
FDY,US-OH,FINDLAY,41.012028,-83.668611
UBW,US-AK,KUPARUK,70.330819,-149.597555
0E8,US-NM,CROWNPOINT,35.717659,-108.201596
FCI,US-VA,RICHMOND,37.406444,-77.524833
CAR,US-ME,CARIBOU,46.8715,-68.017917
CUB,US-SC,COLUMBIA,33.970472,-80.99525
UGB,US-AK,PILOT POINT,57.425358,-157.739866
HVR,US-MT,HAVRE,48.542972,-109.762333
MGE,US-GA,MARIETTA,33.915333,-84.516333
GUS,US-IN,PERU,40.648094,-86.152119
UGN,US-IL,CHICAGO/WAUKEGAN,42.42216,-87.867907
MIE,US-IN,MUNCIE,40.242472,-85.39575
PCW,US-OH,PORT CLINTON,41.51627,-82.869487
SGR,US-TX,HOUSTON,29.62225,-95.656528
BFK,US-OK,BUFFALO,36.863301,-99.618731
UMT,US-AK,UMIAT,69.371113,-152.134983
SRV,US-AK,STONY RIVER,61.78975,-156.588528
5G7,US-OH,BLUFFTON,40.885444,-83.868639
EKA,US-CA,EUREKA,40.803389,-124.112792
GKN,US-AK,GULKANA,62.154944,-145.454333
TCT,US-AK,TAKOTNA,62.992704,-156.06819
MFD,US-OH,MANSFIELD,40.821417,-82.516639
GDV,US-MT,GLENDIVE,47.138719,-104.807198
LCI,US-NH,LACONIA,43.573042,-71.417842
PWA,US-OK,OKLAHOMA CITY,35.534167,-97.647056
FSO,US-VT,HIGHGATE,44.940281,-73.09746
ISW,US-WI,WISCONSIN RAPIDS,44.360338,-89.838971
RMP,US-AK,RAMPART,65.5079,-150.140833
C29,US-WI,MIDDLETON,43.11427,-89.531534
HDC,US-LA,HAMMOND,30.521687,-90.418381
MNN,US-OH,MARION,40.61625,-83.063472
JKA,US-AL,GULF SHORES,30.289639,-87.671778
ISM,US-FL,ORLANDO,28.289806,-81.437083
OJC,US-KS,OLATHE,38.847602,-94.737586
ELY,US-NV,ELY,39.299694,-114.841889
PWT,US-WA,BREMERTON,47.49025,-122.764806
LRO,US-SC,MOUNT PLEASANT,32.897833,-79.782861
TRK,US-CA,TRUCKEE,39.320042,-120.139563
65S,US-ID,BONNERS FERRY,48.725972,-116.295167
OSU,US-OH,COLUMBUS,40.079778,-83.073028
BIG,US-AK,DELTA JUNCTION,64.050438,-145.717326
RIL,US-CO,RIFLE,39.526306,-107.726944
SAC,US-CA,SACRAMENTO,38.512528,-121.493472
CMA,US-CA,CAMARILLO,34.21375,-119.094361
MLS,US-MT,MILES CITY,46.427972,-105.88625
NBC,US-SC,BEAUFORT,32.480611,-80.71925
LOM,US-PA,PHILADELPHIA,40.137556,-75.265139
MHR,US-CA,SACRAMENTO,38.555264,-121.29725
SRR,US-NM,RUIDOSO,33.46285,-105.534751
AGC,US-PA,PITTSBURGH,40.354401,-79.930169
NQA,US-TN,MILLINGTON,35.356667,-89.870278
BVS,US-WA,BURLINGTON/MOUNT VERNON,48.470889,-122.420861
BDN,US-OR,BEND,44.094556,-121.200222
KEK,US-AK,EKWOK,59.354806,-157.472083
SSI,US-GA,BRUNSWICK,31.151812,-81.391253
HWD,US-CA,HAYWARD,37.658917,-122.12175
WLK,US-AK,SELAWIK,66.766044,-160.15277
OUL,US-AK,NELSON LAGOON,56.007536,-161.160367
A26,US-CA,ADIN,41.1865,-120.954389
TMB,US-FL,MIAMI,25.647889,-80.432778
DTS,US-FL,DESTIN,30.400061,-86.471477
FTY,US-GA,ATLANTA,33.779139,-84.521361
CRC,US-AK,CIRCLE,65.827917,-144.076197
S27,US-MT,KALISPELL,48.178569,-114.303741
ORL,US-FL,ORLANDO,28.545464,-81.332937
APC,US-CA,NAPA,38.213194,-122.280694
LDM,US-MI,LUDINGTON,43.962528,-86.407917
JZI,US-SC,CHARLESTON,32.700861,-80.002917
ADS,US-TX,DALLAS,32.968559,-96.836448
RDV,US-AK,RED DEVIL,61.788076,-157.350309
AKA,US-AK,ATKA,52.220586,-174.206183
OLF,US-MT,WOLF POINT,48.094518,-105.575054
NHZ,US-ME,BRUNSWICK,43.892364,-69.93883
OTM,US-IA,OTTUMWA,41.106596,-92.44794
PAE,US-WA,EVERETT,47.906987,-122.281572
PNA,US-WY,PINEDALE,42.797389,-109.811028
WSN,US-AK,SOUTH NAKNEK,58.702083,-157.002583
FCM,US-MN,MINNEAPOLIS,44.827467,-93.458575
UDD,US-CA,PALM SPRINGS,33.748438,-116.274813
NFL,US-NV,FALLON,39.416586,-118.700981
BDR,US-CT,BRIDGEPORT,41.163472,-73.126167
JWN,US-TN,NASHVILLE,36.182361,-86.886722
DET,US-MI,DETROIT,42.409194,-83.009861
GGW,US-MT,GLASGOW,48.2125,-106.614722
HHR,US-CA,HAWTHORNE,33.92284,-118.335187
16G,US-OH,TIFFIN,41.094056,-83.2125
STJ,US-MO,ST JOSEPH,39.771944,-94.909706
BCV,US-AK,BIRCHWOOD,61.416083,-149.508306
SAF,US-NM,SANTA FE,35.617109,-106.089423
CRG,US-FL,JACKSONVILLE,30.336333,-81.514444
FLD,US-WI,FOND DU LAC,43.771167,-88.488417
FSP,US-AK,NIKOLAI,63.01856,-154.358435
AAO,US-KS,WICHITA,37.747583,-97.221111
94E,US-NM,SILVER CITY,32.76202,-108.20838
ANB,US-AL,ANNISTON,33.588167,-85.858111
ZUN,US-NM,ZUNI PUEBLO,35.083227,-108.791777
0S9,US-WA,PORT TOWNSEND,48.053809,-122.810644
SZL,US-MO,KNOB NOSTER,38.730291,-93.54799
MIB,US-ND,MINOT,48.415769,-101.358039
NXX,US-PA,WILLOW GROVE,40.199833,-75.148167
NLC,US-CA,LEMOORE,36.333011,-119.952081
CHU,US-AK,CHUATHBALUK,61.579056,-159.215639
LNN,US-OH,WILLOUGHBY,41.684028,-81.38975
SMN,US-ID,SALMON,45.123781,-113.881332
NEW,US-LA,NEW ORLEANS,30.042389,-90.02825
DMA,US-AZ,TUCSON,32.1665,-110.883167
SLI,US-CA,LOS ALAMITOS,33.790032,-118.051429
A63,US-AK,TWIN HILLS,59.074525,-160.275042
TRM,US-CA,PALM SPRINGS,33.626667,-116.159667
MUE,US-HI,KAMUELA,20.001327,-155.668107
PNE,US-PA,PHILADELPHIA,40.081944,-75.010583
ALM,US-NM,ALAMOGORDO,32.839944,-105.990583
BAF,US-MA,WESTFIELD/SPRINGFIELD,42.157731,-72.71562
CON,US-NH,CONCORD,43.202722,-71.502278
FOK,US-NY,WESTHAMPTON BEACH,40.843655,-72.631789
CGI,US-MO,CAPE GIRARDEAU,37.225317,-89.570752
SLQ,US-AK,SLEETMUTE,61.700518,-157.165881
Z91,US-AK,BIRCH CREEK,66.273996,-145.824038
SVE,US-CA,SUSANVILLE,40.375694,-120.572694
KGK,US-AK,KOLIGANEK,59.726642,-157.259472
PML,US-AK,COLD BAY,56.005986,-160.560792
IOW,US-IA,IOWA CITY,41.639767,-91.548136
NUW,US-WA,OAK HARBOR,48.351841,-122.655958
SKA,US-WA,SPOKANE,47.615058,-117.655803
SKW,US-AK,SKWENTNA,61.965295,-151.191366
CLP,US-AK,CLARKS POINT,58.833694,-158.529389
32S,US-MT,STEVENSVILLE,46.525111,-114.052806
RKP,US-TX,ROCKPORT,28.086222,-97.043694
OCF,US-FL,OCALA,29.171877,-82.224115
MQY,US-TN,SMYRNA,36.008972,-86.520083
KFP,US-AK,FALSE PASS,54.847446,-163.410322
KYK,US-AK,KARLUK,57.566086,-154.453883
A57,US-AK,YAKUTAT,59.199217,-138.451
S10,US-WA,CHELAN,47.86601,-119.942702
SUA,US-FL,STUART,27.1817,-80.221294
ELD,US-AR,EL DORADO,33.220972,-92.813278
CIN,US-IA,CARROLL,42.046194,-94.789
DPA,US-IL,CHICAGO/WEST CHICAGO,41.906944,-88.248203
BJC,US-CO,DENVER,39.908806,-105.117194
LMO,US-CO,LONGMONT,40.164296,-105.163732
ART,US-NY,WATERTOWN,43.991922,-76.021739
KLL,US-AK,LEVELOCK,59.128083,-156.858639
TYQ,US-IN,INDIANAPOLIS,40.030667,-86.251444
CXF,US-AK,COLDFOOT,67.252179,-150.203878
AND,US-SC,ANDERSON,34.494583,-82.709389
SVS,US-AK,STEVENS VILLAGE,66.017061,-149.054369
FFO,US-OH,DAYTON,39.825968,-84.046102
KCL,US-AK,CHIGNIK LAGOON,56.311047,-158.534267
NJK,US-CA,EL CENTRO,32.829167,-115.671667
UAO,US-OR,AURORA,45.247139,-122.770056
RQE,US-AZ,WINDOW ROCK,35.652056,-109.067389
BWG,US-KY,BOWLING GREEN,36.964528,-86.419667
LWT,US-MT,LEWISTOWN,47.04925,-109.466694
JRF,US-HI,KAPOLEI,21.307354,-158.070302
OGS,US-NY,OGDENSBURG,44.681861,-75.4655
PBV,US-AK,ST GEORGE,56.577353,-169.663736
EAA,US-AK,EAGLE,64.778083,-141.149611
MCF,US-FL,TAMPA,27.849333,-82.521167
BFM,US-AL,MOBILE,30.626778,-88.068083
LRF,US-AR,JACKSONVILLE,34.916769,-92.146542
AFW,US-TX,FORT WORTH,32.987639,-97.318806
HUF,US-IN,TERRE HAUTE,39.451472,-87.307583
PPC,US-AK,PROSPECT CREEK,66.814056,-150.643611
SZT,US-ID,SANDPOINT,48.299528,-116.560139
MMH,US-CA,MAMMOTH LAKES,37.624056,-118.83875
VRB,US-FL,VERO BEACH,27.655556,-80.417944
4K0,US-AK,PEDRO BAY,59.78961,-154.123833
OIC,US-NY,NORWICH,42.566554,-75.524112
FKL,US-PA,FRANKLIN,41.377874,-79.860362
IRK,US-MO,KIRKSVILLE,40.0935,-92.544917
HND,US-NV,LAS VEGAS,35.972861,-115.134444
LGU,US-UT,LOGAN,41.791222,-111.851583
CJX,US-AK,CROOKED CREEK,61.867861,-158.134917
NFW,US-TX,FORT WORTH,32.769186,-97.441533
PVU,US-UT,PROVO,40.219194,-111.723361
GLR,US-MI,GAYLORD,45.013639,-84.703583
KPV,US-AK,PERRYVILLE,55.906667,-159.160833
PIP,US-AK,PILOT POINT,57.580381,-157.571957
FTW,US-TX,FORT WORTH,32.819778,-97.362444
DUC,US-OK,DUNCAN,34.471306,-97.959861
BKE,US-OR,BAKER CITY,44.83735,-117.809144
IKV,US-IA,ANKENY,41.691139,-93.5665
PAM,US-FL,PANAMA CITY,30.07,-85.5765
ETB,US-WI,WEST BEND,43.422167,-88.127917
BLM,US-NJ,BELMAR/FARMINGDALE,40.186778,-74.124583
IGG,US-AK,IGIUGIG,59.324042,-155.901773
OKK,US-IN,KOKOMO,40.528177,-86.05899
CIK,US-AK,CHALKYITSIK,66.645022,-143.73993
AJC,US-AK,CHIGNIK,56.311462,-158.373237
SMO,US-CA,SANTA MONICA,34.015833,-118.451306
GLD,US-KS,GOODLAND,39.370622,-101.698992
DOV,US-DE,DOVER,39.1295,-75.466
OPF,US-FL,MIAMI,25.907,-80.278389
GMU,US-SC,GREENVILLE,34.847944,-82.35
RCA,US-SD,RAPID CITY,44.145094,-103.103567
GSB,US-NC,GOLDSBORO,35.339385,-77.960592
ANV,US-AK,ANVIK,62.647328,-160.190067
CSM,US-OK,CLINTON,35.339839,-99.200499
DYS,US-TX,ABILENE,32.419785,-99.855383
SHX,US-AK,SHAGELUK,62.692306,-159.569222
BCT,US-FL,BOCA RATON,26.3785,-80.107694
NCN,US-AK,CHENEGA,60.077306,-147.991889
PTH,US-AK,PORT HEIDEN,56.959101,-158.633362
HTO,US-NY,EAST HAMPTON,40.959417,-72.251667
MSS,US-NY,MASSENA,44.935833,-74.845556
TTN,US-NJ,TRENTON,40.276691,-74.813468
7KA,US-AK,TATITLEK,60.872389,-146.691167
5Z5,US-AK,KANTISHNA,63.541715,-150.993955
KNW,US-AK,NEW STUYAHOK,59.451538,-157.373164
WBQ,US-AK,BEAVER,66.362218,-147.406538
NHK,US-MD,PATUXENT RIVER,38.285981,-76.411781
S31,US-WA,LOPEZ,48.483913,-122.937681
PTU,US-AK,PLATINUM,59.011518,-161.819416
BMG,US-IN,BLOOMINGTON,39.146021,-86.61668
MUO,US-ID,MOUNTAIN HOME,43.043599,-115.872426
BAD,US-LA,BOSSIER CITY,32.501932,-93.662628
KYU,US-AK,KOYUKUK,64.875806,-157.730444
HUS,US-AK,HUGHES,66.039083,-154.264694
KGX,US-AK,GRAYLING,62.894561,-160.064904
TKA,US-AK,TALKEETNA,62.3205,-150.093694
PWK,US-IL,CHICAGO/PROSPECT HEIGHTS/WHEELING,42.11429,-87.901538
APA,US-CO,DENVER,39.570111,-104.849306
VAD,US-GA,VALDOSTA,30.9687,-83.192961
HEF,US-VA,MANASSAS,38.721417,-77.515444
OBU,US-AK,KOBUK,66.912342,-156.897331
EGX,US-AK,EGEGIK,58.18549,-157.375428
ILG,US-DE,WILMINGTON,39.678722,-75.606639
AKK,US-AK,AKHIOK,56.938691,-154.182556
DEC,US-IL,DECATUR,39.834562,-88.865689
MPR,US-KS,MC PHERSON,38.352444,-97.691306
MYL,US-ID,MC CALL,44.888722,-116.10175
TIK,US-OK,OKLAHOMA CITY,35.41474,-97.386633
HIF,US-UT,OGDEN,41.123939,-111.973039
IGM,US-AZ,KINGMAN,35.259472,-113.938056
FBK,US-AK,FAIRBANKS/FT WAINWRIGHT,64.837615,-147.614489
MMU,US-NJ,MORRISTOWN,40.79935,-74.414875
TLA,US-AK,TELLER,65.240379,-166.33934
OFF,US-NE,OMAHA,41.119329,-95.90852
VNY,US-CA,VAN NUYS,34.209806,-118.489972
KNK,US-AK,KOKHANOK,59.433286,-154.802592
PKA,US-AK,NAPASKIAK,60.702917,-161.778306
JBR,US-AR,JONESBORO,35.831709,-90.646418
GBH,US-AK,GALBRAITH LAKE,68.479667,-149.489917
WAA,US-AK,WALES,65.622585,-168.094939
MWH,US-WA,MOSES LAKE,47.208583,-119.319139
HOT,US-AR,HOT SPRINGS,34.478028,-93.096222
GBD,US-KS,GREAT BEND,38.34425,-98.859194
DEE,US-AK,DEERING,66.069561,-162.766368
LRU,US-NM,LAS CRUCES,32.289417,-106.921972
HNM,US-HI,HANA,20.795637,-156.014438
BTT,US-AK,BETTLES,66.913944,-151.529056
FYV,US-AR,FAYETTEVILLE,36.005095,-94.170057
IWD,US-MI,IRONWOOD,46.527475,-90.131397
NBG,US-LA,NEW ORLEANS,29.827215,-90.026588
GNU,US-AK,GOODNEWS,59.117417,-161.577444
HCR,US-AK,HOLY CROSS,62.188333,-159.774917
NNL,US-AK,NONDALTON,59.98023,-154.839175
ARC,US-AK,ARCTIC VILLAGE,68.114669,-145.579415
RME,US-NY,ROME,43.233806,-75.407028
TCL,US-AL,TUSCALOOSA,33.220628,-87.611401
AKI,US-AK,AKIAK,60.902889,-161.230583
74S,US-WA,ANACORTES,48.498993,-122.662396
NTD,US-CA,POINT MUGU,34.119272,-119.119578
LNS,US-PA,LANCASTER,40.122361,-76.294361
PIZ,US-AK,POINT LAY,69.732875,-163.005342
VIS,US-CA,VISALIA,36.318667,-119.392889
HGR,US-MD,HAGERSTOWN,39.7085,-77.7265
MYU,US-AK,MEKORYUK,60.37142,-166.270608
SSC,US-SC,SUMTER,33.972716,-80.470571
HOB,US-NM,HOBBS,32.687528,-103.217028
PTN,US-LA,PATTERSON,29.709546,-91.338979
PDK,US-GA,ATLANTA,33.875611,-84.301972
AIA,US-NE,ALLIANCE,42.053222,-102.803778
YIP,US-MI,DETROIT,42.239304,-83.530965
NME,US-AK,NIGHTMUTE,60.471047,-164.700839
4KA,US-AK,TUNUNAK,60.575547,-165.271648
OXC,US-CT,OXFORD,41.478556,-73.13525
HRT,US-FL,MARY ESTHER,30.427833,-86.689333
GLV,US-AK,GOLOVIN,64.550455,-163.00717
WNA,US-AK,NAPAKIAK,60.690333,-161.9785
MCK,US-NE,MC COOK,40.206278,-100.592083
AST,US-OR,ASTORIA,46.157972,-123.878694
LKK,US-AK,KULIK LAKE,58.98208,-155.121272
CPS,US-IL,CAHOKIA/ST LOUIS,38.570724,-90.156221
HRO,US-AR,HARRISON,36.261521,-93.154729
RBY,US-AK,RUBY,64.727222,-155.469889
EFD,US-TX,HOUSTON,29.607333,-95.15875
PTA,US-AK,PORT ALSWORTH,60.204333,-154.318873
LAF,US-IN,LAFAYETTE,40.412306,-86.936889
ADK,US-AK,ADAK ISLAND,51.877964,-176.646031
WMO,US-AK,WHITE MOUNTAIN,64.689194,-163.41275
SKF,US-TX,SAN ANTONIO,29.384228,-98.581167
TOG,US-AK,TOGIAK VILLAGE,59.053626,-160.396924
VEE,US-AK,VENETIE,67.008675,-146.366358
0R3,US-LA,ABBEVILLE,29.975778,-92.084222
SDY,US-MT,SIDNEY,47.706861,-104.192556
LUK,US-OH,CINCINNATI,39.103333,-84.418611
UIN,US-IL,QUINCY,39.943018,-91.194464
BKL,US-OH,CLEVELAND,41.5175,-81.683333
4K5,US-AK,OUZINKIE,57.922876,-152.500511
ARW,US-SC,BEAUFORT,32.412167,-80.634354
MBL,US-MI,MANISTEE,44.272472,-86.246889
KAL,US-AK,KALTAG,64.31898,-158.741306
INT,US-NC,WINSTON SALEM,36.133722,-80.222
SXP,US-AK,SHELDON POINT,62.520556,-164.847778
ATK,US-AK,ATQASUK,70.467276,-157.435736
KTS,US-AK,BREVIG MISSION,65.331333,-166.465722
WRB,US-GA,WARNER ROBINS,32.640143,-83.591849
CDR,US-NE,CHADRON,42.837556,-103.095389
RDG,US-PA,READING,40.3785,-75.96525
MCE,US-CA,MERCED,37.28475,-120.513917
WWT,US-AK,NEWTOK,60.939139,-164.64125
KKI,US-AK,AKIACHAK,60.904833,-161.422444
CNM,US-NM,CARLSBAD,32.337472,-104.263278
4A2,US-AK,ATMAUTLUAK,60.866746,-162.273139
SKK,US-AK,SHAKTOOLIK,64.371083,-161.223972
SWO,US-OK,STILLWATER,36.161222,-97.085694
AET,US-AK,ALLAKAKET,66.551833,-152.622167
NZY,US-CA,SAN DIEGO,32.698195,-117.213104
ELI,US-AK,ELIM,64.614972,-162.270528
TYE,US-AK,TYONEK,61.076662,-151.13807
AFM,US-AK,AMBLER,67.106314,-157.857472
HON,US-SD,HURON,44.385194,-98.228556
ORI,US-AK,PORT LIONS,57.885377,-152.846101
CVN,US-NM,CLOVIS,34.425139,-103.079278
BLG,US-AK,BELUGA,61.172219,-151.043898
KKA,US-AK,KOYUK,64.939489,-161.154266
WBB,US-AK,STEBBINS,63.515971,-162.277993
KWT,US-AK,KWETHLUK,60.790333,-161.443694
SVC,US-NM,SILVER CITY,32.636547,-108.156385
SHG,US-AK,SHUNGNAK,66.888077,-157.162401
TLT,US-AK,TULUKSAK,61.096833,-160.969472
BRL,US-IA,BURLINGTON,40.783225,-91.125506
KVC,US-AK,KING COVE,55.116348,-162.266227
STP,US-MN,ST PAUL,44.934623,-93.060342
WOW,US-AK,WILLOW,61.754189,-150.051739
RSH,US-AK,RUSSIAN MISSION,61.77489,-161.319399
LFI,US-VA,HAMPTON,37.082833,-76.3605
JMS,US-ND,JAMESTOWN,46.929722,-98.678194
SDL,US-AZ,SCOTTSDALE,33.622889,-111.910528
NUI,US-AK,NUIQSUT,70.209953,-151.005561
16A,US-AK,NUNAPITCHUK,60.906011,-162.440591
MKC,US-MO,KANSAS CITY,39.123169,-94.592758
CNY,US-UT,MOAB,38.754956,-109.754844
LSV,US-NV,LAS VEGAS,36.236197,-115.034253
MLL,US-AK,MARSHALL,61.864278,-162.02611
PGM,US-AK,PORT GRAHAM,59.348259,-151.831539
NUL,US-AK,NULATO,64.729311,-158.074222
KLN,US-AK,LARSEN BAY,57.535083,-153.976667
SUU,US-CA,FAIRFIELD,38.262667,-121.9275
WRL,US-WY,WORLAND,43.965713,-107.950831
BTI,US-AK,BARTER ISLAND LRRS,70.133989,-143.581867
GGV,US-AK,KWIGILLINGOK,59.876469,-163.168538
TVF,US-MN,THIEF RIVER FALLS,48.065667,-96.185
LUP,US-HI,KALAUPAPA,21.21104,-156.973597
KLG,US-AK,KALSKAG,61.536274,-160.341331
ORH,US-MA,WORCESTER,42.267339,-71.875709
DVL,US-ND,DEVILS LAKE,48.114583,-98.908333
SUS,US-MO,ST LOUIS,38.662111,-90.652056
DUJ,US-PA,DUBOIS,41.178278,-78.898694
CYK,US-AK,CHEFORNAK,60.149226,-164.285632
6R7,US-AK,OLD HARBOR,57.218103,-153.269749
EEK,US-AK,EEK,60.213671,-162.043893
SNP,US-AK,ST PAUL ISLAND,57.167333,-170.220444
APF,US-FL,NAPLES,26.152287,-81.775793
HSL,US-AK,HUSLIA,65.697861,-156.351389
NKX,US-CA,SAN DIEGO,32.868346,-117.141735
A61,US-AK,TUNTUTULIAK,60.335346,-162.667009
AHN,US-GA,ATHENS,33.948595,-83.326347
SHH,US-AK,SHISHMAREF,66.249567,-166.089346
SMK,US-AK,ST MICHAEL,63.490056,-162.110389
KEB,US-AK,NANWALEK,59.352148,-151.925156
AIN,US-AK,WAINWRIGHT,70.638,-159.99475
TAL,US-AK,TANANA,65.174395,-152.109389
AUG,US-ME,AUGUSTA,44.32065,-69.797318
0AK,US-AK,PILOT STATION,61.934556,-162.899556
FRG,US-NY,FARMINGDALE,40.728781,-73.413407
BKW,US-WV,BECKLEY,37.787326,-81.124164
MWA,US-IL,MARION,37.754972,-89.011083
ADW,US-MD,CAMP SPRINGS,38.810833,-76.867
KVL,US-AK,KIVALINA,67.736151,-164.563496
GAM,US-AK,GAMBELL,63.766766,-171.732824
AKP,US-AK,ANAKTUVUK PASS,68.133597,-151.743342
KKH,US-AK,KONGIGANAK,59.960806,-162.88125
SCM,US-AK,SCAMMON BAY,61.844541,-165.573749
KUK,US-AK,KASIGLUK,60.873333,-162.524306
IAN,US-AK,KIANA,66.975954,-160.436534
IMT,US-MI,IRON MOUNTAIN KINGSFORD,45.818361,-88.114556
AUK,US-AK,ALAKANUK,62.680044,-164.659925
BKC,US-AK,BUCKLAND,65.981565,-161.149071
OOK,US-AK,TOKSOOK BAY,60.541336,-165.087185
ORS,US-WA,EASTSOUND,48.708335,-122.9106
EDF,US-AK,ANCHORAGE,61.251347,-149.806514
SVA,US-AK,SAVOONGA,63.686394,-170.492636
WYS,US-MT,WEST YELLOWSTONE,44.688389,-111.117639
MGN,US-MI,HARBOR SPRINGS,45.425565,-84.913384
GUP,US-NM,GALLUP,35.511058,-108.789309
KOT,US-AK,KOTLIK,63.030583,-163.532639
SLK,US-NY,SARANAC LAKE,44.385306,-74.206194
SDP,US-AK,SAND POINT,55.313694,-160.521417
PUB,US-CO,PUEBLO,38.289138,-104.496502
GYY,US-IN,GARY,41.616278,-87.412778
JHW,US-NY,JAMESTOWN,42.153389,-79.258028
DVT,US-AZ,PHOENIX,33.688306,-112.082556
MAZ,US-PR,MAYAGUEZ,18.255694,-67.148472
DDC,US-KS,DODGE CITY,37.763122,-99.965424
OKH,US-WA,OAK HARBOR,48.251528,-122.673667
VAK,US-AK,CHEVAK,61.540845,-165.600892
TBN,US-MO,FORT LEONARD WOOD,37.741631,-92.140736
JLN,US-MO,JOPLIN,37.151814,-94.498268
BFD,US-PA,BRADFORD,41.803068,-78.640121
KPN,US-AK,KIPNUK,59.932951,-164.030513
ATY,US-SD,WATERTOWN,44.913972,-97.154722
RUT,US-VT,RUTLAND,43.529907,-72.949615
MSL,US-AL,MUSCLE SHOALS,34.745306,-87.610222
MOU,US-AK,MOUNTAIN VILLAGE,62.095362,-163.682059
SLN,US-KS,SALINA,38.790966,-97.65217
PHO,US-AK,POINT HOPE,68.348835,-166.79935
PKB,US-WV,PARKERSBURG,39.345104,-81.439203
MCG,US-AK,MCGRATH,62.952783,-155.607044
ESC,US-MI,ESCANABA,45.722667,-87.093722
SOW,US-AZ,SHOW LOW,34.265472,-110.005667
VEL,US-UT,VERNAL,40.440917,-109.509917
HUM,US-LA,HOUMA,29.5665,-90.660417
WTK,US-AK,NOATAK,67.561072,-162.980353
PRC,US-AZ,PRESCOTT,34.654444,-112.419611
WLK,US-AK,SELAWIK,66.600139,-159.98575
HPB,US-AK,HOOPER BAY,61.523861,-166.146639
D76,US-AK,NOORVIK,66.817528,-161.02225
JQF,US-NC,CONCORD,35.387775,-80.709136
FOD,US-IA,FORT DODGE,42.551194,-94.191833
GLH,US-MS,GREENVILLE,33.482881,-90.985614
FXE,US-FL,FORT LAUDERDALE,26.197279,-80.170706
EIL,US-AK,FAIRBANKS,64.665667,-147.1015
PTK,US-MI,PONTIAC,42.665636,-83.420506
GLS,US-TX,GALVESTON,29.265333,-94.860417
KWN,US-AK,QUINHAGAK,59.755094,-161.845367
HNS,US-AK,HAINES,59.243829,-135.523538
IPL,US-CA,IMPERIAL,32.834219,-115.578744
LWB,US-WV,LEWISBURG,37.858306,-80.399472
ALS,US-CO,ALAMOSA,37.434917,-105.866556
PDT,US-OR,PENDLETON,45.695056,-118.841444
APN,US-MI,ALPENA,45.078083,-83.560306
JST,US-PA,JOHNSTOWN,40.316111,-78.833944
HNH,US-AK,HOONAH,58.096091,-135.409697
SOV,US-AK,SELDOVIA,59.442439,-151.70405
SHD,US-VA,STAUNTON/WAYNESBORO/HARRISONBURG,38.263833,-78.896444
CDC,US-UT,CEDAR CITY,37.700966,-113.098846
GAL,US-AK,GALENA,64.736167,-156.937389
LBL,US-KS,LIBERAL,37.044222,-100.959861
GRI,US-NE,GRAND ISLAND,40.967543,-98.309639
LEB,US-NH,LEBANON,43.626111,-72.304194
FYU,US-AK,FORT YUKON,66.57149,-145.250417
BED,US-MA,BEDFORD,42.469953,-71.28903
CEZ,US-CO,CORTEZ,37.303,-108.628056
VCT,US-TX,VICTORIA,28.852556,-96.918487
HYS,US-KS,HAYS,38.842222,-99.273167
HIB,US-MN,HIBBING,47.386583,-92.838972
LBX,US-TX,ANGLETON/LAKE JACKSON,29.108639,-95.462083
EMK,US-AK,EMMONAK,62.786139,-164.49075
CDB,US-AK,COLD BAY,55.20515,-162.724466
DIK,US-ND,DICKINSON,46.797333,-102.801861
ISO,US-NC,KINSTON,35.331444,-77.608833
ILI,US-AK,ILIAMNA,59.755578,-154.917752
RDB,US-AK,RED DOG,68.032111,-162.899194
KSM,US-AK,ST MARY'S,62.060833,-163.301833
MCN,US-GA,MACON,32.69285,-83.649211
LBF,US-NE,NORTH PLATTE,41.126222,-100.683667
CKB,US-WV,CLARKSBURG,39.296639,-80.228083
LAR,US-WY,LARAMIE,41.312056,-105.675
BID,US-RI,BLOCK ISLAND,41.168111,-71.577833
PMD,US-CA,PALMDALE,34.629389,-118.084553
SVN,US-GA,SAVANNAH,32.01002,-81.145988
BHB,US-ME,BAR HARBOR,44.449769,-68.361565
WRG,US-AK,WRANGELL,56.484333,-132.369833
BFF,US-NE,SCOTTSBLUFF,41.874028,-103.595639
MGW,US-WV,MORGANTOWN,39.642908,-79.916314
VOK,US-WI,CAMP DOUGLAS,43.939237,-90.253163
SGY,US-AK,SKAGWAY,59.460062,-135.315664
YAK,US-AK,YAKUTAT,59.503306,-139.66025
AOO,US-PA,ALTOONA,40.296361,-78.320028
IYK,US-CA,INYOKERN,35.658741,-117.829533
WST,US-RI,WESTERLY,41.349617,-71.803378
NIP,US-FL,JACKSONVILLE,30.233857,-81.674965
GCK,US-KS,GARDEN CITY,37.927528,-100.724417
PVC,US-MA,PROVINCETOWN,42.072278,-70.220722
MCW,US-IA,MASON CITY,43.157792,-93.331261
LCK,US-OH,COLUMBUS,39.813778,-82.927806
GST,US-AK,GUSTAVUS,58.425278,-135.707417
EAR,US-NE,KEARNEY,40.727028,-99.006778
ISN,US-ND,WILLISTON,48.177939,-103.642347
UNK,US-AK,UNALAKLEET,63.888496,-160.799111
CEC,US-CA,CRESCENT CITY,41.780167,-124.236528
TEB,US-NJ,TETERBORO,40.850101,-74.060836
PIB,US-MS,HATTIESBURG/LAUREL,31.467139,-89.337056
CLM,US-WA,PORT ANGELES,48.120194,-123.499694
COU,US-MO,COLUMBIA,38.818093,-92.219629
TCM,US-WA,TACOMA,47.137678,-122.476475
CIU,US-MI,SAULT STE MARIE,46.25075,-84.472389
TEX,US-CO,TELLURIDE,37.953759,-107.90848
PQI,US-ME,PRESQUE ISLE,46.688972,-68.044806
KMO,US-AK,MANOKOTAK,58.932058,-158.901897
LSF,US-GA,FORT BENNING(COLUMBUS),32.33179,-84.987159
FHR,US-WA,FRIDAY HARBOR,48.521972,-123.024361
SIG,US-PR,SAN JUAN,18.456827,-66.098139
RKD,US-ME,ROCKLAND,44.060074,-69.099257
EWB,US-MA,NEW BEDFORD,41.676556,-70.957806
IAG,US-NY,NIAGARA FALLS,43.107333,-78.946194
GTB,US-NY,FORT DRUM,44.055667,-75.7195
FOE,US-KS,TOPEKA,38.950944,-95.663611
VDZ,US-AK,VALDEZ,61.13395,-146.24834
SLE,US-OR,SALEM,44.909528,-123.0025
MRI,US-AK,ANCHORAGE,61.213545,-149.844446
CEF,US-MA,SPRINGFIELD/CHICOPEE,42.194014,-72.534783
OXR,US-CA,OXNARD,34.200806,-119.207222
PIR,US-SD,PIERRE,44.382694,-100.285972
TUP,US-MS,TUPELO,34.268108,-88.769895
DRT,US-TX,DEL RIO,29.374207,-100.927157
MHK,US-KS,MANHATTAN,39.140972,-96.670833
6Y8,US-MI,BEAVER ISLAND,45.721162,-85.520344
INL,US-MN,INTERNATIONAL FALLS,48.565583,-93.402167
CDV,US-AK,CORDOVA,60.491778,-145.477556
BRD,US-MN,BRAINERD,46.40175,-94.135583
CYS,US-WY,CHEYENNE,41.155639,-104.810472
RIW,US-WY,RIVERTON,43.064235,-108.459841
FMN,US-NM,FARMINGTON,36.74125,-108.229944
SHR,US-WY,SHERIDAN,44.769194,-106.980278
YNG,US-OH,YOUNGSTOWN/WARREN,41.260736,-80.679097
CVX,US-MI,CHARLEVOIX,45.304778,-85.275333
ANI,US-AK,ANIAK,61.581597,-159.543043
HOP,US-KY,FORT CAMPBELL/HOPKINSVILLE,36.672361,-87.492486
EAU,US-WI,EAU CLAIRE,44.865805,-91.484255
LBE,US-PA,LATROBE,40.274611,-79.40675
SGJ,US-FL,ST AUGUSTINE,29.95925,-81.339722
MEI,US-MS,MERIDIAN,32.332624,-88.751868
PSG,US-AK,PETERSBURG,56.801667,-132.945278
BIF,US-TX,FORT BLISS/EL PASO/,31.8495,-106.38
STC,US-MN,ST CLOUD,45.546556,-94.059889
WRI,US-NJ,WRIGHTSTOWN,40.015582,-74.591708
VQS,US-PR,ISLA DE VIEQUES,18.134811,-65.493617
PAH,US-KY,PADUCAH,37.060288,-88.772958
BJI,US-MN,BEMIDJI,47.510722,-94.934722
ABR,US-SD,ABERDEEN,45.449056,-98.421833
IPT,US-PA,WILLIAMSPORT,41.241836,-76.921096
CIC,US-CA,CHICO,39.795389,-121.858417
GGG,US-TX,LONGVIEW,32.384014,-94.711487
CMX,US-MI,HANCOCK,47.168417,-88.489061
EKO,US-NV,ELKO,40.824917,-115.791694
RKS,US-WY,ROCK SPRINGS,41.594222,-109.065194
POB,US-NC,FAYETTEVILLE,35.170833,-79.0145
PIH,US-ID,POCATELLO,42.909806,-112.595917
COD,US-WY,CODY,44.520194,-109.023806
RHI,US-WI,RHINELANDER,45.6309,-89.466628
PLN,US-MI,PELLSTON,45.570917,-84.796722
ALO,US-IA,WATERLOO,42.557081,-92.400344
LMT,US-OR,KLAMATH FALLS,42.156139,-121.733194
BLV,US-IL,BELLEVILLE,38.545167,-89.835194
BPT,US-TX,BEAUMONT/PORT ARTHUR,29.950833,-94.020694
GCC,US-WY,GILLETTE,44.348917,-105.539361
DUT,US-AK,UNALASKA,53.900139,-166.5435
BQK,US-GA,BRUNSWICK,31.259034,-81.466316
TWF,US-ID,TWIN FALLS,42.481806,-114.48775
ALW,US-WA,WALLA WALLA,46.094778,-118.289
TXK,US-AR,TEXARKANA,33.453722,-93.991028
MKG,US-MI,MUSKEGON,43.167672,-86.235439
BTM,US-MT,BUTTE,45.954806,-112.497472
FNL,US-CO,FORT COLLINS/LOVELAND,40.451827,-105.011336
VCV,US-CA,VICTORVILLE,34.597472,-117.383
PUW,US-WA,"PULLMAN/MOSCOW,ID",46.743861,-117.109583
DLG,US-AK,DILLINGHAM,59.044667,-158.5055
PGA,US-AZ,PAGE,36.926083,-111.448361
HVN,US-CT,NEW HAVEN,41.26375,-72.886806
BFI,US-WA,SEATTLE,47.53,-122.301972
ROW,US-NM,ROSWELL,33.301556,-104.530556
NKT,US-NC,CHERRY POINT,34.903173,-76.880747
CRQ,US-CA,CARLSBAD,33.12825,-117.280083
OTH,US-OR,NORTH BEND,43.416944,-124.247028
GTR,US-MS,COLUMBUS/W POINT/STARKVILLE,33.450333,-88.591361
GUC,US-CO,GUNNISON,38.533944,-106.933028
RIV,US-CA,RIVERSIDE,33.881941,-117.259015
SCK,US-CA,STOCKTON,37.894167,-121.238306
MOD,US-CA,MODESTO,37.625817,-120.954421
NGU,US-VA,NORFOLK,36.937462,-76.289263
VLD,US-GA,VALDOSTA,30.781372,-83.276219
ABY,US-GA,ALBANY,31.535515,-84.194473
BRW,US-AK,BARROW,71.285448,-156.766002
AKN,US-AK,KING SALMON,58.676493,-156.648691
DBQ,US-IA,DUBUQUE,42.402,-90.709472
HOM,US-AK,HOMER,59.645556,-151.476583
MVY,US-MA,VINEYARD HAVEN,41.393422,-70.613884
PBG,US-NY,PLATTSBURGH,44.650944,-73.468139
ENV,US-UT,WENDOVER,40.718694,-114.030889
SGU,US-UT,ST GEORGE,37.090583,-113.593056
SPS,US-TX,WICHITA FALLS,33.988796,-98.491893
DHN,US-AL,DOTHAN,31.321021,-85.449479
EAT,US-WA,WENATCHEE,47.398089,-120.205737
SUX,US-IA,SIOUX CITY,42.402603,-96.384367
PSM,US-NH,PORTSMOUTH,43.077944,-70.823278
LCH,US-LA,LAKE CHARLES,30.126083,-93.223417
CSG,US-GA,COLUMBUS,32.516333,-84.938861
FLG,US-AZ,FLAGSTAFF,35.140306,-111.66925
LNY,US-HI,LANAI CITY,20.785611,-156.951418
PGV,US-NC,GREENVILLE,35.63525,-77.385306
JHM,US-HI,LAHAINA,20.962936,-156.673032
PGD,US-FL,PUNTA GORDA,26.919568,-81.990573
SMX,US-CA,SANTA MARIA,34.898917,-120.457444
LYH,US-VA,LYNCHBURG,37.325389,-79.200431
SAW,US-MI,MARQUETTE,46.353639,-87.395361
SPI,US-IL,SPRINGFIELD,39.84421,-89.67809
SBY,US-MD,SALISBURY,38.340189,-75.50948
UTA,US-MS,TUNICA,34.685056,-90.347778
OME,US-AK,NOME,64.512202,-165.445246
RDD,US-CA,REDDING,40.509,-122.293389
SUN,US-ID,HAILEY,43.503779,-114.295553
LWS,US-ID,LEWISTON,46.3745,-117.015389
FLO,US-SC,FLORENCE,34.185361,-79.723889
SJT,US-TX,SAN ANGELO,31.35775,-100.496306
1G4,US-AZ,PEACH SPRINGS,35.990377,-113.816424
OTZ,US-AK,KOTZEBUE,66.884694,-162.5985
VGT,US-NV,LAS VEGAS,36.210694,-115.194444
SIT,US-AK,SITKA,57.047139,-135.361611
ACT,US-TX,WACO,31.611288,-97.230519
YKM,US-WA,YAKIMA,46.568167,-120.544056
MOT,US-ND,MINOT,48.257639,-101.278028
CPR,US-WY,CASPER,42.908,-106.464417
TYR,US-TX,TYLER,32.354139,-95.402386
LAW,US-OK,LAWTON,34.567714,-98.416637
HXD,US-SC,HILTON HEAD ISLAND,32.224361,-80.697472
CLL,US-TX,COLLEGE STATION,30.588583,-96.363833
ADQ,US-AK,KODIAK,57.749968,-152.493855
BRO,US-TX,BROWNSVILLE,25.906833,-97.425833
HTS,US-WV,HUNTINGTON,38.366667,-82.558028
FSM,US-AR,FORT SMITH,35.336583,-94.367444
HLN,US-MT,HELENA,46.606806,-111.98275
MTJ,US-CO,MONTROSE,38.509796,-107.894243
ABI,US-TX,ABILENE,32.411306,-99.681889
NYL,US-AZ,YUMA,32.656583,-114.605972
GFK,US-ND,GRAND FORKS,47.947267,-97.173781
MLU,US-LA,MONROE,32.510866,-92.037688
MKK,US-HI,KAUNAKAKAI,21.152886,-157.096256
ITH,US-NY,ITHACA,42.491361,-76.458722
ENA,US-AK,KENAI,60.573307,-151.244778
CMI,US-IL,CHAMPAIGN/URBANA,40.038833,-88.277806
SCC,US-AK,DEADHORSE,70.19475,-148.465167
STS,US-CA,SANTA ROSA,38.508989,-122.812875
ELM,US-NY,ELMIRA/CORNING,42.159889,-76.891611
ACV,US-CA,ARCATA/EUREKA,40.978111,-124.108611
LRD,US-TX,LAREDO,27.543799,-99.461533
BGM,US-NY,BINGHAMTON,42.208556,-75.979722
KTN,US-AK,KETCHIKAN,55.354075,-131.711219
RFD,US-IL,CHICAGO/ROCKFORD,42.195361,-89.097222
PSE,US-PR,PONCE,18.008306,-66.563028
EWN,US-NC,NEW BERN,35.072972,-77.042944
LSE,US-WI,LA CROSSE,43.879266,-91.256638
IFP,US-AZ,BULLHEAD CITY,35.155972,-114.559444
ERI,US-PA,ERIE,42.082021,-80.176216
OAJ,US-NC,JACKSONVILLE,34.829164,-77.612138
TOL,US-OH,TOLEDO,41.586806,-83.807833
UNV,US-PA,STATE COLLEGE,40.849278,-77.848694
DRO,US-CO,DURANGO,37.151517,-107.753769
HDN,US-CO,HAYDEN,40.481167,-107.217667
GNV,US-FL,GAINESVILLE,29.690056,-82.271778
BET,US-AK,BETHEL,60.778557,-161.837177
BFL,US-CA,BAKERSFIELD,35.433861,-119.057667
AEX,US-LA,ALEXANDRIA,31.327372,-92.548556
GTF,US-MT,GREAT FALLS,47.482654,-111.37061
MLB,US-FL,MELBOURNE,28.102753,-80.645257
DLH,US-MN,DULUTH,46.842083,-92.193639
IDA,US-ID,IDAHO FALLS,43.513722,-112.07075
SBP,US-CA,SAN LUIS OBISPO,35.237266,-120.642597
RST,US-MN,ROCHESTER,43.908278,-92.500028
CWA,US-WI,MOSINEE,44.777624,-89.666778
PFN,US-FL,PANAMA CITY,30.212083,-85.682806
MBS,US-MI,SAGINAW,43.532917,-84.079639
LNK,US-NE,LINCOLN,40.850891,-96.759121
AZO,US-MI,KALAMAZOO,42.234389,-85.551556
STX,US-VI,CHRISTIANSTED,17.701556,-64.801722
CHO,US-VA,CHARLOTTESVILLE,38.138639,-78.452861
MGM,US-AL,MONTGOMERY,32.300639,-86.393972
AGS,US-GA,AUGUSTA,33.369944,-81.9645
BIS,US-ND,BISMARCK,46.772722,-100.74575
TVC,US-MI,TRAVERSE CITY,44.741639,-85.582361
GPI,US-MT,KALISPELL,48.310472,-114.256
IWA,US-AZ,PHOENIX,33.307833,-111.655472
HYA,US-MA,HYANNIS,41.669333,-70.280361
EVV,US-IN,EVANSVILLE,38.038417,-87.530861
FAY,US-NC,FAYETTEVILLE,34.991222,-78.880278
TRI,US-TN,BRISTOL/JOHNSON/KINGSPORT,36.475222,-82.407417
MRY,US-CA,MONTEREY,36.587,-121.842944
LFT,US-LA,LAFAYETTE,30.20525,-91.987611
GJT,US-CO,GRAND JUNCTION,39.122413,-108.526735
EGE,US-CO,EAGLE,39.642761,-106.915935
ASE,US-CO,ASPEN,39.223167,-106.868861
LAN,US-MI,LANSING,42.778639,-84.586194
AVP,US-PA,WILKES-BARRE/SCRANTON,41.338472,-75.723389
EYW,US-FL,KEY WEST,24.556111,-81.759556
GRK,US-TX,FORT HOOD/KILLEEN,31.06725,-97.828917
RDM,US-OR,REDMOND,44.254056,-121.149972
BQN,US-PR,AGUADILLA,18.494861,-67.129444
PSC,US-WA,PASCO,46.264694,-119.119028
CRW,US-WV,CHARLESTON,38.373139,-81.593194
ACK,US-MA,NANTUCKET,41.253111,-70.060306
ATW,US-WI,APPLETON,44.258083,-88.519083
BMI,US-IL,BLOOMINGTON/NORMAL,40.477111,-88.915917
RAP,US-SD,RAPID CITY,44.045333,-103.057361
BLI,US-WA,BELLINGHAM,48.792694,-122.537528
PIA,US-IL,PEORIA,40.664201,-89.693258
AVL,US-NC,ASHEVILLE,35.436194,-82.541806
FWA,US-IN,FORT WAYNE,40.978472,-85.195167
DAB,US-FL,DAYTONA BEACH,29.179917,-81.058056
SHV,US-LA,SHREVEPORT,32.446611,-93.825611
MOB,US-AL,MOBILE,30.691417,-88.242833
MFR,US-OR,MEDFORD,42.374222,-122.8735
MSO,US-MT,MISSOULA,46.916306,-114.090556
GCN,US-AZ,GRAND CANYON,35.952361,-112.146972
BVU,US-NV,BOULDER CITY,35.94748,-114.861097
CHA,US-TN,CHATTANOOGA,35.035194,-85.203556
JAC,US-WY,JACKSON,43.607333,-110.73775
ROA,US-VA,ROANOKE,37.325472,-79.975417
FAR,US-ND,FARGO,46.92065,-96.815764
BZN,US-MT,BOZEMAN,45.77757,-111.152022
BGR,US-ME,BANGOR,44.807444,-68.828139
SBN,US-IN,SOUTH BEND,41.708222,-86.317333
EUG,US-OR,EUGENE,44.124583,-123.211972
PIE,US-FL,ST PETERSBURG-CLEARWATER,27.91,-82.687417
FSD,US-SD,SIOUX FALLS,43.582013,-96.741914
MFE,US-TX,MC ALLEN,26.175833,-98.238611
VPS,US-FL,VALPARAISO,30.483219,-86.526044
JNU,US-AK,JUNEAU,58.354972,-134.576278
SGF,US-MO,SPRINGFIELD,37.245667,-93.388639
CRP,US-TX,CORPUS CHRISTI,27.770361,-97.501222
ABE,US-PA,ALLENTOWN,40.652363,-75.440401
SWF,US-NY,NEWBURGH,41.504111,-74.104833
TLH,US-FL,TALLAHASSEE,30.396528,-84.350333
ILM,US-NC,WILMINGTON,34.270603,-77.902558
GRB,US-WI,GREEN BAY,44.484639,-88.129722
SBA,US-CA,SANTA BARBARA,34.426194,-119.8415
BTR,US-LA,BATON ROUGE,30.532906,-91.149877
HRL,US-TX,HARLINGEN,26.2285,-97.654389
BIL,US-MT,BILLINGS,45.807667,-108.542889
AMA,US-TX,AMARILLO,35.219361,-101.705917
FAI,US-AK,FAIRBANKS,64.81511,-147.856448
MLI,US-IL,MOLINE,41.448286,-90.50752
GPT,US-MS,GULFPORT,30.407269,-89.070097
MAF,US-TX,MIDLAND,31.942528,-102.201914
LEX,US-KY,LEXINGTON,38.0365,-84.605889
CID,US-IA,CEDAR RAPIDS,41.884689,-91.710799
PHF,US-VA,NEWPORT NEWS,37.131889,-76.492972
FNT,US-MI,FLINT,42.965417,-83.743667
ACY,US-NJ,ATLANTIC CITY,39.457583,-74.577167
XNA,US-AR,FAYETTEVILLE/SPRINGDALE/,36.281869,-94.306811
LBB,US-TX,LUBBOCK,33.663639,-101.822778
CAE,US-SC,COLUMBIA,33.938833,-81.119528
STT,US-VI,CHARLOTTE AMALIE,18.337306,-64.973361
FAT,US-CA,FRESNO,36.776194,-119.718139
HSV,US-AL,HUNTSVILLE,34.637194,-86.775056
MDT,US-PA,HARRISBURG,40.193495,-76.763404
ITO,US-HI,HILO,19.720263,-155.04847
JAN,US-MS,JACKSON,32.311167,-90.075889
GSP,US-SC,GREER,34.895667,-82.218861
MYR,US-SC,MYRTLE BEACH,33.67975,-78.928333
CAK,US-OH,AKRON,40.916083,-81.442194
MSN,US-WI,MADISON,43.139858,-89.337514
BTV,US-VT,BURLINGTON,44.471861,-73.153278
SRQ,US-FL,SARASOTA/BRADENTON,27.395444,-82.554389
PNS,US-FL,PENSACOLA,30.473426,-87.186612
PSP,US-CA,PALM SPRINGS,33.829667,-116.506694
ICT,US-KS,WICHITA,37.649944,-97.433056
TYS,US-TN,KNOXVILLE,35.810972,-83.994028
PWM,US-ME,PORTLAND,43.646167,-70.309278
GRR,US-MI,GRAND RAPIDS,42.880833,-85.522806
HPN,US-NY,WHITE PLAINS,41.066944,-73.707556
DSM,US-IA,DES MOINES,41.533972,-93.663083
SFB,US-FL,ORLANDO,28.776701,-81.235522
SAV,US-GA,SAVANNAH,32.127583,-81.202139
COS,US-CO,COLORADO SPRINGS,38.805806,-104.700778
ISP,US-NY,ISLIP,40.79525,-73.100222
GSO,US-NC,GREENSBORO,36.101326,-79.941123
SYR,US-NY,SYRACUSE,43.111187,-76.106311
CHS,US-SC,CHARLESTON,32.898639,-80.040528
LIT,US-AR,LITTLE ROCK,34.729444,-92.224306
LIH,US-HI,LIHUE,21.975983,-159.338958
KOA,US-HI,KAILUA/KONA,19.738766,-156.045631
ROC,US-NY,ROCHESTER,43.118861,-77.672389
ALB,US-NY,ALBANY,42.749111,-73.801972
LGB,US-CA,LONG BEACH,33.817722,-118.151611
DAY,US-OH,DAYTON,39.902251,-84.21941
BOI,US-ID,BOISE,43.564361,-116.222861
TUL,US-OK,TULSA,36.198389,-95.888111
ELP,US-TX,EL PASO,31.80725,-106.377556
BHM,US-AL,BIRMINGHAM,33.563889,-86.752306
GEG,US-WA,SPOKANE,47.619861,-117.533833
RIC,US-VA,RICHMOND,37.505167,-77.319667
ORF,US-VA,NORFOLK,36.894611,-76.201222
MHT,US-NH,MANCHESTER,42.932804,-71.435739
OKC,US-OK,OKLAHOMA CITY,35.393088,-97.600734
SDF,US-KY,LOUISVILLE,38.174086,-85.736499
TUS,US-AZ,TUCSON,32.116083,-110.941028
OMA,US-NE,OMAHA,41.303167,-95.894056
RNO,US-NV,RENO,39.499111,-119.768111
PVD,US-RI,PROVIDENCE,41.723999,-71.428221
ANC,US-AK,ANCHORAGE,61.174361,-149.996361
BUR,US-CA,BURBANK,34.200667,-118.358667
OGG,US-HI,KAHULUI,20.89865,-156.430458
BUF,US-NY,BUFFALO,42.940525,-78.732167
JAX,US-FL,JACKSONVILLE,30.494056,-81.687861
ONT,US-CA,ONTARIO,34.056,-117.601194
BDL,US-CT,WINDSOR LOCKS,41.938889,-72.683222
ABQ,US-NM,ALBUQUERQUE,35.040194,-106.609194
PBI,US-FL,WEST PALM BEACH,26.683161,-80.095589
CMH,US-OH,COLUMBUS,39.997972,-82.891889
RSW,US-FL,FORT MYERS,26.536167,-81.755167
MKE,US-WI,MILWAUKEE,42.947211,-87.89673
MSY,US-LA,NEW ORLEANS,29.993389,-90.258028
SAT,US-TX,SAN ANTONIO,29.533694,-98.469778
DAL,US-TX,DALLAS,32.847111,-96.851778
IND,US-IN,INDIANAPOLIS,39.717299,-86.294661
HOU,US-TX,HOUSTON,29.645419,-95.278889
AUS,US-TX,AUSTIN,30.194528,-97.669889
PIT,US-PA,PITTSBURGH,40.491472,-80.232861
SNA,US-CA,SANTA ANA,33.675667,-117.868222
SJU,US-PR,SAN JUAN,18.439417,-66.001833
BNA,US-TN,NASHVILLE,36.124472,-86.678194
SJC,US-CA,SAN JOSE,37.362667,-121.929111
RDU,US-NC,RALEIGH/DURHAM,35.877639,-78.787472
SMF,US-CA,SACRAMENTO,38.695417,-121.590778
MEM,US-TN,MEMPHIS,35.042417,-89.976667
MCI,US-MO,KANSAS CITY,39.297605,-94.713906
CLE,US-OH,CLEVELAND,41.409417,-81.85498
OAK,US-CA,OAKLAND,37.721278,-122.220722
CVG,US-KY,COVINGTON,39.048837,-84.667822
STL,US-MO,ST LOUIS,38.748697,-90.370029
PDX,US-OR,PORTLAND,45.58853,-122.597481
MDW,US-IL,CHICAGO,41.785972,-87.752417
DCA,US-VA,WASHINGTON,38.852083,-77.037722
TPA,US-FL,TAMPA,27.975472,-82.53325
SAN,US-CA,SAN DIEGO,32.733556,-117.189667
HNL,US-HI,HONOLULU,21.318681,-157.922429
SLC,US-UT,SALT LAKE CITY,40.788388,-111.977773
BWI,US-MD,BALTIMORE,39.175361,-76.668333
FLL,US-FL,FORT LAUDERDALE,26.072583,-80.15275
IAD,US-VA,WASHINGTON,38.947444,-77.459944
LGA,US-NY,NEW YORK,40.77725,-73.872611
BOS,US-MA,BOSTON,42.362972,-71.006417
PHL,US-PA,PHILADELPHIA,39.872249,-75.240866
SEA,US-WA,SEATTLE,47.449889,-122.311778
MSP,US-MN,MINNEAPOLIS,44.881957,-93.221766
MIA,US-FL,MIAMI,25.795365,-80.290116
DTW,US-MI,DETROIT,42.212444,-83.353389
CLT,US-NC,CHARLOTTE,35.213741,-80.949069
MCO,US-FL,ORLANDO,28.429394,-81.308993
EWR,US-NJ,NEWARK,40.6925,-74.168667
SFO,US-CA,SAN FRANCISCO,37.618972,-122.374889
PHX,US-AZ,PHOENIX,33.434278,-112.011583
IAH,US-TX,HOUSTON,29.984434,-95.341442
LAS,US-NV,LAS VEGAS,36.080056,-115.15225
JFK,US-NY,NEW YORK,40.639751,-73.778926
DEN,US-CO,DENVER,39.861656,-104.673177
DFW,US-TX,DALLAS-FORT WORTH,32.896828,-97.037996
LAX,US-CA,LOS ANGELES,33.942522,-118.407161
ORD,US-IL,CHICAGO,41.980917,-87.906667
ATL,US-GA,ATLANTA,33.63672,-84.428066
